{
    "parent": "minecraft:item/generated",
    "textures": {
        "layer0": "minecraft:item/gold_nugget"
    },
    "overrides": [
        { "predicate": { "custom_model_data": 1 }, "model": "customitems/krupica_skinta" },
        { "predicate": { "custom_model_data": 2 }, "model": "customitems/oskolok_skinta" },
        { "predicate": { "custom_model_data": 3 }, "model": "customitems/fragment_skinta" },
        { "predicate": { "custom_model_data": 4 }, "model": "customitems/kristal_skinta" },
        { "predicate": { "custom_model_data": 5 }, "model": "customitems/ogranenny_kristal_skinta" }
    ]
}
